what,kind,bundleId,bundleVersion,description,time
stopped,bundle,org.eclipse.cdt.managedbuilder.ui,8.0.0.201109151620,"org.eclipse.cdt.managedbuilder.ui",1328349649957
stopped,bundle,org.eclipse.cdt.make.ui,7.1.1.201109151620,"org.eclipse.cdt.make.ui",1328349649957
stopped,bundle,org.eclipse.cdt.mylyn.ui,3.6.0.v20110608-1400,"org.eclipse.cdt.mylyn.ui",1328349649957
stopped,bundle,org.eclipse.cdt.ui,5.3.1.201109151620,"org.eclipse.cdt.ui",1328349649957
stopped,bundle,org.eclipse.dltk.mylyn,3.0.0.v20101211-0331,"org.eclipse.dltk.mylyn",1328349649957
stopped,bundle,org.eclipse.dltk.testing,3.0.0.v20110423,"org.eclipse.dltk.testing",1328349649957
stopped,bundle,org.eclipse.dltk.debug.ui,3.0.0.v20110423,"org.eclipse.dltk.debug.ui",1328349649957
stopped,bundle,org.eclipse.dltk.formatter,3.0.0.v20110609-1525,"org.eclipse.dltk.formatter",1328349649958
stopped,bundle,org.eclipse.dltk.validators.externalchecker,3.0.0.v20110423,"org.eclipse.dltk.validators.externalchecker",1328349649958
stopped,bundle,org.eclipse.dltk.validators.ui,3.0.0.v20110423,"org.eclipse.dltk.validators.ui",1328349649958
stopped,bundle,org.eclipse.dltk.ui,3.0.1.v20110823,"org.eclipse.dltk.ui",1328349649958
stopped,bundle,org.eclipse.wst.jsdt.debug.rhino.ui,1.0.0.v201103232243,"org.eclipse.wst.jsdt.debug.rhino.ui",1328349649958
stopped,bundle,org.eclipse.wst.jsdt.debug.ui,1.0.100.v201103232243,"org.eclipse.wst.jsdt.debug.ui",1328349649958
stopped,bundle,org.eclipse.wst.jsdt.support.firefox,1.0.400.v201008112000,"org.eclipse.wst.jsdt.support.firefox",1328349649958
stopped,bundle,org.eclipse.wst.jsdt.ui,1.1.101.v201108151912,"org.eclipse.wst.jsdt.ui",1328349649958
stopped,bundle,org.eclipse.search,3.7.0.v20110505-0800,"org.eclipse.search",1328349649958
stopped,bundle,org.eclipse.mylyn.commons.team,0.8.0.v20110608-1400,"org.eclipse.mylyn.commons.team",1328349649959
stopped,bundle,org.eclipse.team.svn.mylyn,0.7.9.I20110318-1700,"org.eclipse.team.svn.mylyn",1328349649959
stopped,bundle,org.eclipse.mylyn.team.ui,3.6.1.v20110825-0100,"org.eclipse.mylyn.team.ui",1328349649959
stopped,bundle,org.eclipse.ui.navigator.resources,3.4.300.I20110421-1800,"org.eclipse.ui.navigator.resources",1328349649959
stopped,bundle,org.eclipse.ltk.ui.refactoring,3.6.0.v20110505-0800,"org.eclipse.ltk.ui.refactoring",1328349649959
stopped,bundle,org.eclipse.mylyn.bugzilla.ui,3.6.0.v20110608-1400,"org.eclipse.mylyn.bugzilla.ui",1328349649959
stopped,bundle,org.eclipse.mylyn.ide.ui,3.6.0.v20110608-1400,"org.eclipse.mylyn.ide.ui",1328349649959
stopped,bundle,org.eclipse.mylyn.resources.ui,3.6.0.v20110608-1400,"org.eclipse.mylyn.resources.ui",1328349649959
stopped,bundle,org.eclipse.releng.tools,3.6.1.r371_v20110818,"org.eclipse.releng.tools",1328349649959
stopped,bundle,org.eclipse.team.cvs.ui,3.3.400.I20110510-0800,"org.eclipse.team.cvs.ui",1328349649959
stopped,bundle,org.eclipse.mylyn.versions.ui,0.8.0.v20110608-1400,"org.eclipse.mylyn.versions.ui",1328349649959
stopped,bundle,org.eclipse.team.ecf.ui,1.0.0.v20110829-0349,"org.eclipse.team.ecf.ui",1328349649959
stopped,bundle,org.eclipse.team.svn.revision.graph,0.7.9.I20110318-1700,"org.eclipse.team.svn.revision.graph",1328349649959
stopped,bundle,org.eclipse.team.svn.ui,0.7.9.I20110819-1700,"org.eclipse.team.svn.ui",1328349649959
stopped,bundle,org.eclipse.team.ui,3.6.100.I20110525-0800,"org.eclipse.team.ui",1328349649959
stopped,bundle,org.eclipse.mylyn.wikitext.tasks.ui,1.5.0.v20110608-1400,"org.eclipse.mylyn.wikitext.tasks.ui",1328349649959
stopped,bundle,org.eclipse.mylyn.context.ui,3.6.0.v20110608-1400,"org.eclipse.mylyn.context.ui",1328349649959
stopped,bundle,org.eclipse.mylyn.help.ui,3.6.1.v20110830-0100,"org.eclipse.mylyn.help.ui",1328349649959
stopped,bundle,org.eclipse.mylyn.tasks.bugs,3.6.1.v20110825-0100,"org.eclipse.mylyn.tasks.bugs",1328349649959
stopped,bundle,org.eclipse.mylyn.trac.ui,3.6.0.v20110608-1400,"org.eclipse.mylyn.trac.ui",1328349649959
stopped,bundle,org.eclipse.mylyn.tasks.ui,3.6.4.v20111117-0100,"org.eclipse.mylyn.tasks.ui",1328349649959
stopped,bundle,org.eclipse.compare,3.5.201.R37x_v20110817-0800,"org.eclipse.compare",1328349649960
stopped,bundle,org.eclipse.ui.externaltools,3.2.0.v20110506,"org.eclipse.ui.externaltools",1328349649960
stopped,bundle,org.eclipse.dltk.console.ui,3.0.0.v20101212-1106,"org.eclipse.dltk.console.ui",1328349649960
stopped,bundle,org.eclipse.wst.server.preview.adapter,1.1.0.v20090311b,"org.eclipse.wst.server.preview.adapter",1328349649960
stopped,bundle,org.eclipse.wst.server.http.ui,1.0.200.v20090113,"org.eclipse.wst.server.http.ui",1328349649960
stopped,bundle,org.eclipse.wst.server.ui,1.1.306.v20110823_1704,"org.eclipse.wst.server.ui",1328349649960
stopped,bundle,org.eclipse.debug.ui,3.7.101.v20110817_r371,"org.eclipse.debug.ui",1328349649986
stopped,bundle,org.eclipse.mylyn.wikitext.ui,1.5.0.v20110608-1400,"org.eclipse.mylyn.wikitext.ui",1328349649986
stopped,bundle,com.android.ide.eclipse.hierarchyviewer,16.0.1.v201112150204-238534,"com.android.ide.eclipse.hierarchyviewer",1328349649986
stopped,bundle,com.android.ide.eclipse.ddms,16.0.1.v201112150204-238534,"com.android.ide.eclipse.ddms",1328349649987
stopped,bundle,org.eclipse.ecf.presence.collab.ui,1.3.0.v20110829-0349,"org.eclipse.ecf.presence.collab.ui",1328349649987
stopped,bundle,org.eclipse.ui.console,3.5.100.v20110511,"org.eclipse.ui.console",1328349649988
stopped,bundle,org.eclipse.mylyn.commons.notifications,0.8.1.v20110827-0100,"org.eclipse.mylyn.commons.notifications",1328349649988
stopped,bundle,org.eclipse.mylyn.commons.ui,3.6.1.v20110720-0100,"org.eclipse.mylyn.commons.ui",1328349649988
stopped,bundle,org.eclipse.ecf.docshare,2.1.0.v20110829-0349,"org.eclipse.ecf.docshare",1328349649988
stopped,bundle,org.eclipse.ecf.example.collab,2.0.0.v20110829-0349,"org.eclipse.ecf.example.collab",1328349649989
stopped,bundle,org.eclipse.ecf.example.collab.editor,1.0.200.v20110829-0349,"org.eclipse.ecf.example.collab.editor",1328349649998
stopped,bundle,org.eclipse.ecf.provider.irc.ui,1.3.0.v20110829-0349,"org.eclipse.ecf.provider.irc.ui",1328349649999
stopped,bundle,org.eclipse.ecf.provider.msn.ui,1.3.0.v20110829-0349,"org.eclipse.ecf.provider.msn.ui",1328349649999
stopped,bundle,org.eclipse.ecf.provider.xmpp.ui,2.1.0.v20110829-0349,"org.eclipse.ecf.provider.xmpp.ui",1328349649999
stopped,bundle,org.eclipse.ecf.presence.ui,2.1.0.v20110829-0349,"org.eclipse.ecf.presence.ui",1328349650000
stopped,bundle,org.eclipse.ecf.provider.bittorrent.ui,0.2.0.v20110829-0349,"org.eclipse.ecf.provider.bittorrent.ui",1328349650000
stopped,bundle,org.eclipse.ecf.filetransfer.ui,1.5.0.v20110829-0349,"org.eclipse.ecf.filetransfer.ui",1328349650000
stopped,bundle,org.eclipse.ecf.provider.ui,1.3.0.v20110829-0349,"org.eclipse.ecf.provider.ui",1328349650000
stopped,bundle,org.eclipse.ecf.ui,2.1.0.v20110829-0349,"org.eclipse.ecf.ui",1328349650000
stopped,bundle,org.eclipse.datatools.sqltools.plan,1.0.0.v200906022302,"org.eclipse.datatools.sqltools.plan",1328349650001
stopped,bundle,org.eclipse.datatools.sqltools.result.ui,1.1.1.v201101140415,"org.eclipse.datatools.sqltools.result.ui",1328349650001
stopped,bundle,org.eclipse.datatools.sqltools.common.ui,1.0.0.v200906022302,"org.eclipse.datatools.sqltools.common.ui",1328349650001
stopped,bundle,org.eclipse.ui.editors,3.7.0.v20110517-0800,"org.eclipse.ui.editors",1328349650001
stopped,bundle,org.eclipse.wst.common.snippets,1.2.100.v201103281740,"org.eclipse.wst.common.snippets",1328349650001
stopped,bundle,org.eclipse.ui.workbench.texteditor,3.7.0.v20110505-0800,"org.eclipse.ui.workbench.texteditor",1328349650001
stopped,bundle,org.eclipse.team.ecf.core,1.0.0.v20110829-0349,"org.eclipse.team.ecf.core",1328349650001
stopped,bundle,org.eclipse.compare.core,3.5.200.I20110208-0800,"org.eclipse.compare.core",1328349650001
stopped,bundle,org.eclipse.ecf.discovery.ui.browser,1.0.0.v20110829-0349,"org.eclipse.ecf.discovery.ui.browser",1328349650001
stopped,bundle,org.eclipse.ecf.remoteservice.ui,3.0.0.v20110829-0349,"org.eclipse.ecf.remoteservice.ui",1328349650002
stopped,bundle,org.eclipse.ecf.discovery.ui,3.0.0.v20110829-0349,"org.eclipse.ecf.discovery.ui",1328349650002
stopped,bundle,org.eclipse.uml2.uml.ecore.exporter,2.4.100.v201008301510,"org.eclipse.uml2.uml.ecore.exporter",1328349650002
stopped,bundle,org.eclipse.emf.exporter,2.6.0.v20100521-1846,"org.eclipse.emf.exporter",1328349650002
stopped,bundle,org.eclipse.emf.importer.ecore,2.6.0.v20100521-1846,"org.eclipse.emf.importer.ecore",1328349650002
stopped,bundle,org.eclipse.emf.importer.java,2.6.0.v20100521-1846,"org.eclipse.emf.importer.java",1328349650002
stopped,bundle,org.eclipse.emf.importer.rose,2.6.0.v20100521-1846,"org.eclipse.emf.importer.rose",1328349650002
stopped,bundle,org.eclipse.uml2.uml.ecore.importer,2.4.100.v201008301510,"org.eclipse.uml2.uml.ecore.importer",1328349650002
stopped,bundle,org.eclipse.emf.importer,2.6.0.v20100521-1846,"org.eclipse.emf.importer",1328349650003
stopped,bundle,org.eclipse.emf.converter,2.5.0.v20110913-1156,"org.eclipse.emf.converter",1328349650003
stopped,bundle,org.eclipse.uml2.codegen.ecore.ui,1.6.100.v201008301510,"org.eclipse.uml2.codegen.ecore.ui",1328349650003
stopped,bundle,org.eclipse.emf.codegen.ecore.ui,2.7.0.v20110913-1156,"org.eclipse.emf.codegen.ecore.ui",1328349650003
stopped,bundle,org.eclipse.emf.mapping.ecore2ecore.editor,2.5.0.v20110120-0110,"org.eclipse.emf.mapping.ecore2ecore.editor",1328349650003
stopped,bundle,org.eclipse.uml2.examples.uml.ui,3.0.100.v201008191510,"org.eclipse.uml2.examples.uml.ui",1328349650003
stopped,bundle,org.eclipse.emf.ecore.editor,2.7.0.v20110913-1156,"org.eclipse.emf.ecore.editor",1328349650003
stopped,bundle,org.eclipse.emf.mapping.ecore2xml.ui,2.6.0.v20110120-0109,"org.eclipse.emf.mapping.ecore2xml.ui",1328349650004
stopped,bundle,org.eclipse.emf.mapping.ui,2.6.0.v20110913-1156,"org.eclipse.emf.mapping.ui",1328349650004
activated,perspective,org.eclipse.ui.ide.application,,"org.eclipse.ui.resourcePerspective",1328407419602
started,bundle,org.eclipse.osgi,3.7.1.R37x_v20110808-1106,"org.eclipse.osgi",1328407419603
started,bundle,org.eclipse.equinox.simpleconfigurator,1.0.200.v20110502-1955,"org.eclipse.equinox.simpleconfigurator",1328407419616
started,bundle,com.ibm.icu,4.4.2.v20110208,"com.ibm.icu",1328407419616
started,bundle,org.eclipse.compare,3.5.201.R37x_v20110817-0800,"org.eclipse.compare",1328407419711
started,bundle,org.eclipse.compare.core,3.5.200.I20110208-0800,"org.eclipse.compare.core",1328407419738
started,bundle,org.eclipse.core.contenttype,3.4.100.v20110423-0524,"org.eclipse.core.contenttype",1328407419739
started,bundle,org.eclipse.core.databinding.observable,1.4.0.I20110222-0800,"org.eclipse.core.databinding.observable",1328407419756
started,bundle,org.eclipse.core.expressions,3.4.300.v20110228,"org.eclipse.core.expressions",1328407419756
started,bundle,org.eclipse.core.filebuffers,3.5.200.v20110505-0800,"org.eclipse.core.filebuffers",1328407419757
started,bundle,org.eclipse.core.filesystem,1.3.100.v20110423-0524,"org.eclipse.core.filesystem",1328407419758
started,bundle,org.eclipse.core.jobs,3.5.100.v20110404,"org.eclipse.core.jobs",1328407419759
started,bundle,org.eclipse.core.net,1.2.100.I20110511-0800,"org.eclipse.core.net",1328407419760
started,bundle,org.eclipse.core.resources,3.7.100.v20110510-0712,"org.eclipse.core.resources",1328407419761
started,bundle,org.eclipse.core.runtime,3.7.0.v20110110,"org.eclipse.core.runtime",1328407419776
started,bundle,org.eclipse.core.runtime.compatibility,3.2.100.v20100505,"org.eclipse.core.runtime.compatibility",1328407419857
started,bundle,org.eclipse.core.runtime.compatibility.auth,3.2.200.v20110110,"org.eclipse.core.runtime.compatibility.auth",1328407419871
started,bundle,org.eclipse.debug.core,3.7.0.v20110518,"org.eclipse.debug.core",1328407419872
started,bundle,org.eclipse.egit.core,1.1.0.201109151100-r,"org.eclipse.egit.core",1328407419873
started,bundle,org.eclipse.egit.ui,1.1.0.201109151100-r,"org.eclipse.egit.ui",1328407419875
started,bundle,org.eclipse.emf.common,2.7.0.v20110912-0920,"org.eclipse.emf.common",1328407419875
started,bundle,org.eclipse.emf.common.ui,2.7.0.v20110913-1156,"org.eclipse.emf.common.ui",1328407419876
started,bundle,org.eclipse.emf.ecore,2.7.0.v20110912-0920,"org.eclipse.emf.ecore",1328407419877
started,bundle,org.eclipse.emf.ecore.change,2.7.1.v20110829-1916,"org.eclipse.emf.ecore.change",1328407419903
started,bundle,org.eclipse.emf.ecore.edit,2.7.0.v20110913-1156,"org.eclipse.emf.ecore.edit",1328407419904
started,bundle,org.eclipse.emf.ecore.xmi,2.7.0.v20110520-1406,"org.eclipse.emf.ecore.xmi",1328407419905
started,bundle,org.eclipse.emf.edit,2.7.1.v20110913-1526,"org.eclipse.emf.edit",1328407419905
started,bundle,org.eclipse.emf.edit.ui,2.7.0.v20110913-1156,"org.eclipse.emf.edit.ui",1328407419905
started,bundle,org.eclipse.epp.mpc.ui,1.1.1.I20110907-0947,"org.eclipse.epp.mpc.ui",1328407419905
started,bundle,org.eclipse.epp.usagedata.gathering,1.3.1.R201106061540,"org.eclipse.epp.usagedata.gathering",1328407419932
started,bundle,org.eclipse.epp.usagedata.recording,1.3.1.R201106061540,"org.eclipse.epp.usagedata.recording",1328407419941
started,bundle,org.eclipse.equinox.app,1.3.100.v20110321,"org.eclipse.equinox.app",1328407419962
started,bundle,org.eclipse.equinox.common,3.6.0.v20110523,"org.eclipse.equinox.common",1328407419978
started,bundle,org.eclipse.equinox.ds,1.3.1.R37x_v20110701,"org.eclipse.equinox.ds",1328407419995
started,bundle,org.eclipse.equinox.event,1.2.100.v20110502,"org.eclipse.equinox.event",1328407419995
started,bundle,org.eclipse.equinox.p2.core,2.1.0.v20110502-1955,"org.eclipse.equinox.p2.core",1328407420004
started,bundle,org.eclipse.equinox.p2.directorywatcher,1.0.300.v20110502-1955,"org.eclipse.equinox.p2.directorywatcher",1328407420004
started,bundle,org.eclipse.equinox.p2.engine,2.1.0.v20110511,"org.eclipse.equinox.p2.engine",1328407420005
started,bundle,org.eclipse.equinox.p2.metadata,2.1.0.v20110510,"org.eclipse.equinox.p2.metadata",1328407420020
started,bundle,org.eclipse.equinox.p2.metadata.repository,1.2.0.v20110511-1359,"org.eclipse.equinox.p2.metadata.repository",1328407420125
started,bundle,org.eclipse.equinox.p2.operations,2.1.0.v20110511-1821,"org.eclipse.equinox.p2.operations",1328407420127
started,bundle,org.eclipse.equinox.p2.reconciler.dropins,1.1.100.v20110510,"org.eclipse.equinox.p2.reconciler.dropins",1328407420159
started,bundle,org.eclipse.equinox.p2.repository,2.1.0.v20110601,"org.eclipse.equinox.p2.repository",1328407420160
started,bundle,org.eclipse.equinox.p2.ui,2.1.0.v20110601,"org.eclipse.equinox.p2.ui",1328407420185
started,bundle,org.eclipse.equinox.p2.ui.sdk,1.0.200.v20110502-1955,"org.eclipse.equinox.p2.ui.sdk",1328407420186
started,bundle,org.eclipse.equinox.p2.ui.sdk.scheduler,1.0.100.v20110502-1955,"org.eclipse.equinox.p2.ui.sdk.scheduler",1328407420196
started,bundle,org.eclipse.equinox.p2.updatechecker,1.1.200.v20110502-1955,"org.eclipse.equinox.p2.updatechecker",1328407420222
started,bundle,org.eclipse.equinox.preferences,3.4.1.R37x_v20110725,"org.eclipse.equinox.preferences",1328407420223
started,bundle,org.eclipse.equinox.registry,3.5.101.R37x_v20110810-1611,"org.eclipse.equinox.registry",1328407420247
started,bundle,org.eclipse.equinox.security,1.1.1.R37x_v20110822-1018,"org.eclipse.equinox.security",1328407420309
started,bundle,org.eclipse.equinox.util,1.0.300.v20110502,"org.eclipse.equinox.util",1328407420326
started,bundle,org.eclipse.help,3.5.100.v20110426,"org.eclipse.help",1328407420398
started,bundle,org.eclipse.jdt.apt.core,3.3.500.v20110420-1015,"org.eclipse.jdt.apt.core",1328407420447
started,bundle,org.eclipse.jdt.core,3.7.1.v_B76_R37x,"org.eclipse.jdt.core",1328407420450
started,bundle,org.eclipse.jdt.core.manipulation,1.4.0.v20110505-0800,"org.eclipse.jdt.core.manipulation",1328407420452
started,bundle,org.eclipse.jdt.launching,3.6.1.v20110803_r371,"org.eclipse.jdt.launching",1328407420453
started,bundle,org.eclipse.jdt.ui,3.7.1.r371_v20110824-0800,"org.eclipse.jdt.ui",1328407420459
started,bundle,org.eclipse.jem.util,2.1.100.v201103021400,"org.eclipse.jem.util",1328407420490
started,bundle,org.eclipse.jface,3.7.0.I20110522-1430,"org.eclipse.jface",1328407420492
started,bundle,org.eclipse.jgit,1.1.0.201109151100-r,"org.eclipse.jgit",1328407420494
started,bundle,org.eclipse.jsch.core,1.1.300.I20110514-0800,"org.eclipse.jsch.core",1328407420495
started,bundle,org.eclipse.ltk.core.refactoring,3.5.201.r371_v20110824-0800,"org.eclipse.ltk.core.refactoring",1328407420497
started,bundle,org.eclipse.m2e.logback.configuration,1.0.100.20110804-1717,"org.eclipse.m2e.logback.configuration",1328407420545
started,bundle,org.eclipse.mylyn.bugzilla.ui,3.6.0.v20110608-1400,"org.eclipse.mylyn.bugzilla.ui",1328407420605
started,bundle,org.eclipse.mylyn.commons.identity,0.8.0.v20110608-1400,"org.eclipse.mylyn.commons.identity",1328407420668
started,bundle,org.eclipse.mylyn.commons.net,3.6.0.v20110608-1400,"org.eclipse.mylyn.commons.net",1328407420668
started,bundle,org.eclipse.mylyn.commons.ui,3.6.1.v20110720-0100,"org.eclipse.mylyn.commons.ui",1328407420684
started,bundle,org.eclipse.mylyn.context.core,3.6.1.v20110720-0100,"org.eclipse.mylyn.context.core",1328407420685
started,bundle,org.eclipse.mylyn.context.ui,3.6.0.v20110608-1400,"org.eclipse.mylyn.context.ui",1328407420685
started,bundle,org.eclipse.mylyn.monitor.ui,3.6.0.v20110608-1400,"org.eclipse.mylyn.monitor.ui",1328407420686
started,bundle,org.eclipse.mylyn.team.ui,3.6.1.v20110825-0100,"org.eclipse.mylyn.team.ui",1328407420708
started,bundle,org.eclipse.search,3.7.0.v20110505-0800,"org.eclipse.search",1328407420709
started,bundle,org.eclipse.team.core,3.6.0.I20110525-0800,"org.eclipse.team.core",1328407420709
started,bundle,org.eclipse.team.cvs.core,3.3.400.I20110510-0800,"org.eclipse.team.cvs.core",1328407420797
started,bundle,org.eclipse.team.cvs.ui,3.3.400.I20110510-0800,"org.eclipse.team.cvs.ui",1328407420874
started,bundle,org.eclipse.team.ui,3.6.100.I20110525-0800,"org.eclipse.team.ui",1328407420920
started,bundle,org.eclipse.ui,3.7.0.I20110602-0100,"org.eclipse.ui",1328407420924
started,bundle,org.eclipse.ui.console,3.5.100.v20110511,"org.eclipse.ui.console",1328407420925
started,bundle,org.eclipse.ui.editors,3.7.0.v20110517-0800,"org.eclipse.ui.editors",1328407420927
started,bundle,org.eclipse.ui.forms,3.5.100.v20110425,"org.eclipse.ui.forms",1328407420971
started,bundle,org.eclipse.ui.ide,3.7.0.v20110809-1737,"org.eclipse.ui.ide",1328407420973
started,bundle,org.eclipse.ui.navigator,3.5.100.v20110809-2227,"org.eclipse.ui.navigator",1328407421004
started,bundle,org.eclipse.ui.navigator.resources,3.4.300.I20110421-1800,"org.eclipse.ui.navigator.resources",1328407421005
started,bundle,org.eclipse.ui.net,1.2.100.I20110511-0800,"org.eclipse.ui.net",1328407421043
started,bundle,org.eclipse.ui.views,3.6.0.I20110412-0800,"org.eclipse.ui.views",1328407421045
started,bundle,org.eclipse.ui.workbench,3.7.0.I20110519-0100,"org.eclipse.ui.workbench",1328407421046
started,bundle,org.eclipse.ui.workbench.texteditor,3.7.0.v20110505-0800,"org.eclipse.ui.workbench.texteditor",1328407421049
started,bundle,org.eclipse.update.configurator,3.3.100.v20100512,"org.eclipse.update.configurator",1328407421059
started,bundle,org.eclipse.update.core,3.2.500.v20110330,"org.eclipse.update.core",1328407421249
started,bundle,org.eclipse.update.scheduler,3.2.300.v20100512,"org.eclipse.update.scheduler",1328407421276
started,bundle,org.eclipse.wb.discovery.core,1.1.0.r37x201109091028,"org.eclipse.wb.discovery.core",1328407421336
started,bundle,org.eclipse.wb.discovery.ui,1.1.0.r37x201109091028,"org.eclipse.wb.discovery.ui",1328407421348
started,bundle,org.eclipse.wst.common.core,1.2.0.v200908252030,"org.eclipse.wst.common.core",1328407421383
started,bundle,org.eclipse.wst.common.emf,1.2.100.v201101101900,"org.eclipse.wst.common.emf",1328407421401
started,bundle,org.eclipse.wst.common.emfworkbench.integration,1.2.101.v201107140600,"org.eclipse.wst.common.emfworkbench.integration",1328407421410
started,bundle,org.eclipse.wst.common.frameworks,1.2.101.v201107192200,"org.eclipse.wst.common.frameworks",1328407421455
started,bundle,org.eclipse.wst.common.frameworks.ui,1.2.100.v201105122000,"org.eclipse.wst.common.frameworks.ui",1328407421457
started,bundle,org.eclipse.wst.common.modulecore,1.2.101.v201108231700,"org.eclipse.wst.common.modulecore",1328407421475
started,bundle,org.eclipse.wst.common.project.facet.core,1.4.200.v201103170332,"org.eclipse.wst.common.project.facet.core",1328407421476
started,bundle,org.eclipse.wst.common.ui,1.1.500.v200911190730,"org.eclipse.wst.common.ui",1328407421505
started,bundle,org.eclipse.wst.dtd.core,1.1.501.v201107252021,"org.eclipse.wst.dtd.core",1328407421534
started,bundle,org.eclipse.wst.server.core,1.1.303.v20110816_1717,"org.eclipse.wst.server.core",1328407421584
started,bundle,org.eclipse.wst.sse.core,1.1.601.v201108151912,"org.eclipse.wst.sse.core",1328407421585
started,bundle,org.eclipse.wst.sse.ui,1.3.1.v201108191312,"org.eclipse.wst.sse.ui",1328407421586
started,bundle,org.eclipse.wst.validation,1.2.302.v201107140600,"org.eclipse.wst.validation",1328407421586
started,bundle,org.eclipse.wst.xml.core,1.1.601.v201108302147,"org.eclipse.wst.xml.core",1328407421587
started,bundle,com.android.ide.eclipse.ddms,16.0.1.v201112150204-238534,"com.android.ide.eclipse.ddms",1328407421588
started,bundle,com.collabnet.subversion.merge,3.0.5,"com.collabnet.subversion.merge",1328407421589
started,bundle,org.eclipse.mylyn.tasks.ui,3.6.4.v20111117-0100,"org.eclipse.mylyn.tasks.ui",1328407421591
started,bundle,org.tigris.subversion.clientadapter,1.8.0,"org.tigris.subversion.clientadapter",1328407421591
started,bundle,org.tigris.subversion.subclipse.core,1.8.4,"org.tigris.subversion.subclipse.core",1328407421592
started,bundle,org.tigris.subversion.subclipse.mylyn,3.0.0,"org.tigris.subversion.subclipse.mylyn",1328407421593
started,bundle,org.tigris.subversion.subclipse.ui,1.8.4,"org.tigris.subversion.subclipse.ui",1328407421628
started,bundle,org.eclipse.cdt.core,5.3.1.201109151620,"org.eclipse.cdt.core",1328407421631
started,bundle,org.eclipse.cdt.make.core,7.1.1.201109151620,"org.eclipse.cdt.make.core",1328407421668
started,bundle,org.eclipse.cdt.make.ui,7.1.1.201109151620,"org.eclipse.cdt.make.ui",1328407421695
started,bundle,org.eclipse.cdt.managedbuilder.core,8.0.1.201109151620,"org.eclipse.cdt.managedbuilder.core",1328407421697
started,bundle,org.eclipse.cdt.ui,5.3.1.201109151620,"org.eclipse.cdt.ui",1328407421729
started,bundle,org.eclipse.ecf.examples.remoteservices.hello,3.0.100.v20110829-0349,"org.eclipse.ecf.examples.remoteservices.hello",1328407421745
started,bundle,org.eclipse.ecf.examples.remoteservices.hello.ds.host,3.0.0.v20110829-0349,"org.eclipse.ecf.examples.remoteservices.hello.ds.host",1328407421753
started,bundle,org.eclipse.mylyn.bugzilla.core,3.6.4.v20111106-0100,"org.eclipse.mylyn.bugzilla.core",1328407421772
started,bundle,org.eclipse.mylyn.github.ui,1.1.0.201109151100-r,"org.eclipse.mylyn.github.ui",1328407421774
started,bundle,org.eclipse.mylyn.trac.core,3.6.0.v20110608-1400,"org.eclipse.mylyn.trac.core",1328407421789
started,bundle,org.eclipse.mylyn.trac.ui,3.6.0.v20110608-1400,"org.eclipse.mylyn.trac.ui",1328407421880
started,bundle,org.eclipse.team.svn.core,0.7.9.I20110819-1700,"org.eclipse.team.svn.core",1328407421882
started,bundle,org.eclipse.team.svn.mylyn,0.7.9.I20110318-1700,"org.eclipse.team.svn.mylyn",1328407421883
started,bundle,org.eclipse.team.svn.ui,0.7.9.I20110819-1700,"org.eclipse.team.svn.ui",1328407421943
started,bundle,org.eclipse.emf.mapping.ecore2xml,2.7.0.v20110331-2022,"org.eclipse.emf.mapping.ecore2xml",1328407422012
started,bundle,org.eclipse.jem,2.0.500.v201104271400,"org.eclipse.jem",1328407422048
started,bundle,org.eclipse.jem.workbench,2.0.400.v201104251400,"org.eclipse.jem.workbench",1328407422057
started,bundle,org.eclipse.jpt.common.core,1.0.1.v201108080010,"org.eclipse.jpt.common.core",1328407422062
started,bundle,org.eclipse.jpt.jpa.core,3.0.1.v201109073010,"org.eclipse.jpt.jpa.core",1328407422122
started,bundle,org.eclipse.jst.common.frameworks,1.1.500.v201104081500,"org.eclipse.jst.common.frameworks",1328407422137
started,bundle,org.eclipse.jst.common.project.facet.core,1.4.200.v201103170302,"org.eclipse.jst.common.project.facet.core",1328407422138
started,bundle,org.eclipse.jst.j2ee,1.1.501.v201108231845,"org.eclipse.jst.j2ee",1328407422140
started,bundle,org.eclipse.jst.j2ee.core,1.2.101.v201108110300,"org.eclipse.jst.j2ee.core",1328407422168
started,bundle,org.eclipse.jst.j2ee.navigator.ui,1.1.501.v201107261503,"org.eclipse.jst.j2ee.navigator.ui",1328407422170
started,bundle,org.eclipse.jst.j2ee.ui,1.1.501.v201108231700,"org.eclipse.jst.j2ee.ui",1328407422184
started,bundle,org.eclipse.jst.j2ee.web,1.1.501.v201108231500,"org.eclipse.jst.j2ee.web",1328407422198
started,bundle,org.eclipse.jst.j2ee.webservice,1.1.400.v201004110600,"org.eclipse.jst.j2ee.webservice",1328407422336
started,bundle,org.eclipse.jst.j2ee.webservice.ui,1.1.500.v201105122000,"org.eclipse.jst.j2ee.webservice.ui",1328407422336
started,bundle,org.eclipse.jst.jee,1.0.401.v201105122000,"org.eclipse.jst.jee",1328407422397
started,bundle,org.eclipse.jst.jee.ui,1.0.400.v201105122000,"org.eclipse.jst.jee.ui",1328407422398
started,bundle,org.eclipse.jst.jsf.common,1.2.3.v201104061039,"org.eclipse.jst.jsf.common",1328407422420
started,bundle,org.eclipse.jst.jsf.core,1.3.105.v201108261005,"org.eclipse.jst.jsf.core",1328407422464
started,bundle,org.eclipse.jst.jsp.core,1.2.401.v201108302147,"org.eclipse.jst.jsp.core",1328407422489
started,bundle,org.eclipse.jst.server.core,1.2.202.v20110419,"org.eclipse.jst.server.core",1328407422536
started,bundle,org.eclipse.jst.ws.jaxrs.core,1.0.301.v201108240656,"org.eclipse.jst.ws.jaxrs.core",1328407422559
started,bundle,org.eclipse.wst.html.ui,1.0.601.v201108152113,"org.eclipse.wst.html.ui",1328407422571
started,bundle,org.eclipse.wst.jsdt.core,1.1.101.v201108151912,"org.eclipse.wst.jsdt.core",1328407422588
